{"folder":{"shortid":"cppx99V"},"shortid":"S1elgk4VZS","name":"contrato","recipe":"chrome-pdf","engine":"handlebars","chrome":{"printBackground":true},"content":"<!-- Bootstrap CSS -->\r\n<link rel=\"stylesheet\" href=\"https://stackpath.bootstrapcdn.com/bootstrap/4.3.1/css/bootstrap.min.css\"\r\nintegrity=\"sha384-ggOyR0iXCbMQv3Xipma34MD+dH/1fQ784/j6cY/iJTQUOhcWr7x9JvoRxT2MZw1T\" crossorigin=\"anonymous\">\r\n\r\n<h1 class=\"text-center my-5\">Contratos vigentes</h1>\r\n\r\n<table id=\"example\" class=\"table\" style=\"width:100%\">\r\n    <thead>\r\n        <tr>\r\n            <th>ID Cliente</th>\r\n            <th>Numero</th>\r\n            <th>Descuento</th>\r\n            <th>Fecha</th>\r\n        </tr>\r\n    </thead>\r\n    <tbody>\r\n        {{#each info}}\r\n        <tr>\r\n            <td>{{fk_cliente}}</td>\r\n            <td>{{numero}}</td>\r\n            <td>{{descuento}}</td>\r\n            <td>{{fecha}}</td>\r\n        </tr>\r\n        {{/each}}\r\n    </tbody>\r\n</table>","creationDate":"2019-07-11T03:41:03.694Z","modificationDate":"2019-07-11T05:35:34.989Z","_id":"O5Jgf2ICzc2HUyfy"}