{"folder":{"shortid":"cppx99V"},"shortid":"SygP_trNbr","name":"factura","recipe":"chrome-pdf","engine":"handlebars","chrome":{"printBackground":true},"content":"<!-- Bootstrap CSS -->\r\n<link rel=\"stylesheet\" href=\"https://stackpath.bootstrapcdn.com/bootstrap/4.3.1/css/bootstrap.min.css\"\r\nintegrity=\"sha384-ggOyR0iXCbMQv3Xipma34MD+dH/1fQ784/j6cY/iJTQUOhcWr7x9JvoRxT2MZw1T\" crossorigin=\"anonymous\">\r\n\r\n<h1 class=\"text-center my-5\">Pedido</h1>\r\n\r\n<table id=\"example\" class=\"table\" style=\"width:100%\">\r\n    <thead>\r\n        <tr>\r\n            <th>ID Cliente</th>\r\n            <th>Nombre</th>\r\n            <th>Numero Pedido</th>\r\n            <th>ID Factura</th>\r\n            <th>Fecha emision</th>            \r\n        </tr>\r\n    </thead>\r\n    <tbody>\r\n        {{#each info}}\r\n        <tr>\r\n            <td>{{b}}</td>\r\n            <td>{{nombre}}</td>\r\n            <td>{{numero}}</td>\r\n            <td>{{a}}</td>\r\n            <td>{{fecha_emision}}</td>\r\n        </tr>\r\n        {{/each}}\r\n    </tbody>\r\n</table>","creationDate":"2019-07-11T05:33:51.795Z","modificationDate":"2019-07-11T05:36:37.258Z","_id":"e6rY9V0fX8N0xVvU"}