{"folder":{"shortid":"enJCLVM"},"shortid":"ryeTeIkNbB","name":"fpieza","recipe":"chrome-pdf","engine":"handlebars","chrome":{"printBackground":true},"content":"<!-- Bootstrap CSS -->\r\n<link rel=\"stylesheet\" href=\"https://stackpath.bootstrapcdn.com/bootstrap/4.3.1/css/bootstrap.min.css\"\r\nintegrity=\"sha384-ggOyR0iXCbMQv3Xipma34MD+dH/1fQ784/j6cY/iJTQUOhcWr7x9JvoRxT2MZw1T\" crossorigin=\"anonymous\">\r\n\r\n<h1 class=\"text-center my-5\">Ficha Pieza</h1>\r\n\r\n<div class=\"row\">\r\n{{#each info}}\r\n\r\n    <div class=\"card border-primary m-auto col-4\" style=\"max-width: 18rem;\">\r\n    <div class=\"card-header text-primary\">{{descr}}-{{id}}</div>\r\n    <div class=\"card-body text-primary\">\r\n        <h5 class=\"card-title text-danger\">Material: <label class=\"text-dark\">Porcelana</label></h5>\r\n        <h5 class=\"card-title text-danger\">Forma: <label class=\"text-dark\">{{forma}}</label></h5>\r\n        <h5 class=\"card-title text-danger\">Color/Motivo: <label class=\"text-dark\">{{nombre}}</label></h5>\r\n        <h5 class=\"card-title text-danger\">Uso de Microondas: <label class=\"text-dark\">Si</label></h5>\r\n        <h5 class=\"card-title text-danger\">Tamaño: <label class=\"text-dark\">{{tamano}}</label></h5>\r\n        <h5 class=\"card-title text-danger\">Volumen: <label class=\"text-dark\">{{volumen}}</label></h5>\r\n        <h5 class=\"card-title\">Bs. {{precio_bs}}</h5>\r\n    </div>\r\n    </div>\r\n\r\n{{/each}}\r\n</div>","creationDate":"2019-07-10T22:29:29.066Z","modificationDate":"2019-07-11T01:00:33.143Z","_id":"fLXnymnbV0OPym05"}