{"folder":{"shortid":"enJCLVM"},"shortid":"HkeUVVbEWH","name":"pieza","recipe":"chrome-pdf","engine":"handlebars","chrome":{"printBackground":true},"content":"<!-- Bootstrap CSS -->\r\n<link rel=\"stylesheet\" href=\"https://stackpath.bootstrapcdn.com/bootstrap/4.3.1/css/bootstrap.min.css\"\r\nintegrity=\"sha384-ggOyR0iXCbMQv3Xipma34MD+dH/1fQ784/j6cY/iJTQUOhcWr7x9JvoRxT2MZw1T\" crossorigin=\"anonymous\">\r\n\r\n<h1 class=\"text-center my-5\">Pieza</h1>\r\n\r\n<table id=\"example\" class=\"table\" style=\"width:100%\">\r\n    <thead>\r\n        <tr>\r\n            <th>ID</th>\r\n            <th>Descripcion</th>\r\n        </tr>\r\n    </thead>\r\n    <tbody>\r\n        {{#each info}}\r\n        <tr>\r\n            <td>{{id}}</td>\r\n            <td>{{descr}}</td>\r\n        </tr>\r\n        {{/each}}\r\n    </tbody>\r\n</table>","creationDate":"2019-07-11T00:52:04.756Z","modificationDate":"2019-07-11T01:06:03.962Z","_id":"oNaPvf72eNsOHbRs"}