{"folder":{"shortid":"BJ3M4dc"},"shortid":"S15fX6QbH","name":"casis","recipe":"chrome-pdf","engine":"handlebars","chrome":{"printBackground":true},"creationDate":"2019-07-11T05:50:09.254Z","modificationDate":"2019-07-11T05:50:09.254Z","_id":"47WRxYuEq80WBB2I","content":"<!-- Bootstrap CSS -->\r\n<link rel=\"stylesheet\" href=\"https://stackpath.bootstrapcdn.com/bootstrap/4.3.1/css/bootstrap.min.css\"\r\nintegrity=\"sha384-ggOyR0iXCbMQv3Xipma34MD+dH/1fQ784/j6cY/iJTQUOhcWr7x9JvoRxT2MZw1T\" crossorigin=\"anonymous\">\r\n\r\n<h1 class=\"text-center my-5\">Control mensual de Horneros</h1>\r\n\r\n<table id=\"example\" class=\"table\" style=\"width:100%\">\r\n    <thead>\r\n        <tr>\r\n            <th>Empleados</th>\r\n            <th>Lunes</th>\r\n            <th>Martes</th>\r\n            <th>Miercoles</th>\r\n            <th>Jueves</th>\r\n            <th>Viernes</th>\r\n            <th>Sabado</th>\r\n        </tr>\r\n    </thead>\r\n    <tbody>\r\n        {{#each info}}\r\n        <tr>\r\n            <td>{{expediente}} {{nombre}} {{apellido}}</td>\r\n            <td></td>\r\n            <td></td>\r\n            <td></td>\r\n            <td></td>\r\n            <td></td>\r\n            <td></td>\r\n        </tr>\r\n        {{/each}}\r\n    </tbody>\r\n</table>"}