{"folder":{"shortid":"BJ3M4dc"},"shortid":"Hke5bRhGbB","name":"exp","recipe":"chrome-pdf","engine":"handlebars","chrome":{"printBackground":true},"creationDate":"2019-07-11T05:50:09.276Z","modificationDate":"2019-07-11T05:50:09.276Z","_id":"cDH6dMxoa456Wtw4","content":"<!-- Bootstrap CSS -->\r\n<link rel=\"stylesheet\" href=\"https://stackpath.bootstrapcdn.com/bootstrap/4.3.1/css/bootstrap.min.css\"\r\nintegrity=\"sha384-ggOyR0iXCbMQv3Xipma34MD+dH/1fQ784/j6cY/iJTQUOhcWr7x9JvoRxT2MZw1T\" crossorigin=\"anonymous\">\r\n\r\n<h1 class=\"text-center my-5\">Expediente de empleados</h1>\r\n\r\n<table id=\"example\" class=\"table\" style=\"width:100%\">\r\n    <thead>\r\n        <tr>\r\n            <th>#exp</th>\r\n            <th>DI</th>\r\n            <th>Nombre</th>\r\n            <th>Nombre2</th>\r\n            <th>Apellido</th>\r\n            <th>Apellido2</th>\r\n            <th>Feha-nac</th>\r\n            <th>Genero</th>\r\n            <th>Sangre</th>\r\n            <th>Titulo</th>\r\n            <th>Telefono</th>\r\n            <th>#exp-sup</th>\r\n        </tr>\r\n    </thead>\r\n    <tbody>\r\n        {{#each info}}\r\n        <tr>\r\n            <td>{{expediente}}</td>\r\n            <td>{{di}}</td>\r\n            <td>{{nombre}}</td>\r\n            <td>{{nombre2}}</td>\r\n            <td>{{apellido}}</td>\r\n            <td>{{apellido2}}</td>\r\n            <td>{{fecha_nacimiento}}</td>\r\n            <td>{{genero}}</td>\r\n            <td>{{tipo_sangre}}</td>\r\n            <td>{{titulo}}</td>\r\n            <td>{{telefono}}</td>\r\n            <td>{{fk_supervisor}}</td>\r\n        </tr>\r\n        {{/each}}\r\n    </tbody>\r\n</table>"}