{"folder":{"shortid":"BJ3M4dc"},"shortid":"ByeYr6JQ-S","name":"exp_det","recipe":"chrome-pdf","engine":"handlebars","chrome":{"printBackground":true},"creationDate":"2019-07-11T05:50:09.260Z","modificationDate":"2019-07-11T06:26:53.929Z","_id":"eCRjN56lNbWuxUuS","content":"<!-- Bootstrap CSS -->\r\n<link rel=\"stylesheet\" href=\"https://stackpath.bootstrapcdn.com/bootstrap/4.3.1/css/bootstrap.min.css\"\r\nintegrity=\"sha384-ggOyR0iXCbMQv3Xipma34MD+dH/1fQ784/j6cY/iJTQUOhcWr7x9JvoRxT2MZw1T\" crossorigin=\"anonymous\">\r\n\r\n<h1 class=\"text-center my-5\">Expediente detallado de empleados</h1>\r\n\r\n<table id=\"example\" class=\"table\" style=\"width:100%\">\r\n    <thead>\r\n        <tr>\r\n            <th>#exp</th>\r\n            <th>id</th>\r\n            <th>Fecha</th>\r\n            <th>Motivo</th>\r\n            <th>Descripcion</th>\r\n            <th>Monto bono (bs)</th>\r\n            <th>Horas extras</th>\r\n            <th>Horas Retraso</th>\r\n        </tr>\r\n    </thead>\r\n    <tbody>\r\n        {{#each info}}\r\n        <tr>\r\n            <td>{{fk_empleado}}</td>\r\n            <td>{{id}}</td>\r\n            <td>{{fecha}}</td>\r\n            <td>{{motivo}}</td>\r\n            <td>{{descripcion}}</td>\r\n            <td>{{monto_bono}}</td>\r\n            <td>{{horas_extras}}</td>\r\n            <td>{{retraso}}</td>\r\n        </tr>\r\n        {{/each}}\r\n    </tbody>\r\n</table>"}