{"folder":{"shortid":"BJ3M4dc"},"shortid":"SJx9a8lXWr","name":"hornero","recipe":"chrome-pdf","engine":"handlebars","chrome":{"printBackground":true},"creationDate":"2019-07-11T05:50:09.266Z","modificationDate":"2019-07-11T06:46:58.463Z","_id":"op1F3erQpwgX18Ro","content":"<!-- Bootstrap CSS -->\r\n<link rel=\"stylesheet\" href=\"https://stackpath.bootstrapcdn.com/bootstrap/4.3.1/css/bootstrap.min.css\"\r\nintegrity=\"sha384-ggOyR0iXCbMQv3Xipma34MD+dH/1fQ784/j6cY/iJTQUOhcWr7x9JvoRxT2MZw1T\" crossorigin=\"anonymous\">\r\n\r\n<h1 class=\"text-center my-5\">Control mensual de Horneros</h1>\r\n\r\n<table id=\"example\" class=\"table\" style=\"width:100%\">\r\n    <thead>\r\n        <tr>\r\n            <th>#exp</th>\r\n            <th>Nombre</th>\r\n            <th>Turno</th>\r\n            <th>Mes</th>\r\n            <th>Año</th>\r\n            <th>Horas de Retraso</th>\r\n            <th>Horas extras</th>\r\n        </tr>\r\n    </thead>\r\n    <tbody>\r\n        {{#each info}}\r\n        <tr>\r\n            <td>{{expediente}}</td>\r\n            <td>{{nombre}}</td>\r\n            <td>{{turno}}</td>\r\n            <td>{{mes}}</td>\r\n            <td>{{ano}}</td>\r\n            <td>{{retraso}}</td>\r\n            <td>{{horas_extras}}</td>\r\n        </tr>\r\n        {{/each}}\r\n    </tbody>\r\n</table>"}