{"folder":{"shortid":"BJ3M4dc"},"shortid":"S1xqxv6NbB","name":"minuta","recipe":"chrome-pdf","engine":"handlebars","chrome":{"printBackground":true},"content":"<!-- Bootstrap CSS -->\r\n<link rel=\"stylesheet\" href=\"https://stackpath.bootstrapcdn.com/bootstrap/4.3.1/css/bootstrap.min.css\"\r\nintegrity=\"sha384-ggOyR0iXCbMQv3Xipma34MD+dH/1fQ784/j6cY/iJTQUOhcWr7x9JvoRxT2MZw1T\" crossorigin=\"anonymous\">\r\n\r\n<h1 class=\"text-center my-5\">Minutas de Reuniones</h1>\r\n\r\n<table id=\"example\" class=\"table\" style=\"width:100%\">\r\n    <thead>\r\n        <tr>\r\n            <th>#exp Supervisor</th>\r\n            <th>Nombre</th>\r\n            <th>ID Reunion</th>\r\n            <th>Fecha</th>\r\n            <th>Minuta</th>\r\n        </tr>\r\n    </thead>\r\n    <tbody>\r\n        {{#each info}}\r\n        <tr>\r\n            <td>{{expediente}}</td>\r\n            <td>{{nombre}}</td>\r\n            <td>{{id}}</td>\r\n            <td>{{fecha}}</td>\r\n            <td>{{minuta}}</td>\r\n        </tr>\r\n        {{/each}}\r\n    </tbody>\r\n</table>","creationDate":"2019-07-11T14:30:45.536Z","modificationDate":"2019-07-11T14:32:42.617Z","_id":"yeajAkwquwC3OKCe"}